auc,precision,recall,f1_score,loss
-1
0.003173828125
0.003173828125
0.003173828125
11.102299690246582
