auc,precision,recall,f1_score,loss
-1
0.0029296875
0.0029296875
0.0029296875
11.101988792419434
