auc,precision,recall,f1_score,loss
-1
0.045166015625
0.045166015625
0.045166015625
11.078690528869629
