auc,precision,recall,f1_score,loss
-1
0.00146484375
0.00146484375
0.00146484375
11.094738960266113
