auc,precision,recall,f1_score,loss
-1
0.001953125
0.001953125
0.001953125
11.098173141479492
