auc,precision,recall,f1_score,loss
-1
0.005126953125
0.005126953125
0.005126953125
11.099676132202148
