auc,precision,recall,f1_score,loss
-1
0.04931640625
0.04931640625
0.04931640625
11.079329490661621
