auc,precision,recall,f1_score,loss
,,,0.001736111111111111,10.517418271473629
