auc,precision,recall,f1_score,loss
,,,0.0030381944444444445,10.530348103272768
