auc,precision,recall,f1_score,loss
-1
0.002197265625
0.002197265625
0.002197265625
11.096129417419434
