auc,precision,recall,f1_score,loss
,,,0.00043402777777777775,10.500140637508451
