auc,precision,recall,f1_score,loss
-1
0.00390625
0.00390625
0.00390625
11.097484588623047
