auc,precision,recall,f1_score,loss
,,,0.0008680555555555555,10.504678821489245
