auc,precision,recall,f1_score,loss
-1
0.000732421875
0.000732421875
0.000732421875
11.096807479858398
