auc,precision,recall,f1_score,loss
-1
0.000244140625
0.000244140625
0.000244140625
11.100040435791016
