auc,precision,recall,f1_score,loss
,,,0.02964789746543779,10.595666191794656
