auc,precision,recall,f1_score,loss
,,,0.0078125,10.526064912960988
