auc,precision,recall,f1_score,loss
-1
0.0029296875
0.0029296875
0.0029296875
11.094709396362305
