auc,precision,recall,f1_score,loss
-1
0.0009765625
0.0009765625
0.0009765625
11.09703254699707
