auc,precision,recall,f1_score,loss
-1
0.002685546875
0.002685546875
0.002685546875
11.100350379943848
