auc,precision,recall,f1_score,loss
-1
0.00048828125
0.00048828125
0.00048828125
11.096619606018066
