auc,precision,recall,f1_score,loss
,,,0.00390625,10.576944597965483
