auc,precision,recall,f1_score,loss
-1
0.042236328125
0.042236328125
0.042236328125
11.0783052444458
