auc,precision,recall,f1_score,loss
-1
0.0048828125
0.0048828125
0.0048828125
11.096742630004883
